{"cameraMode":{"drawMode":0,"name":"Shaded","section":"Shading Mode"},"sceneLighting":false,"audioPlay":false,"sceneViewState":{"m_AlwaysRefresh":false,"showFog":true,"showSkybox":false,"showFlares":true,"showImageEffects":true,"showParticleSystems":true,"showVisualEffectGraphs":true,"m_FxEnabled":true},"in2DMode":false,"pivot":{"x":-3.1908278465270998,"y":0.2662968635559082,"z":-0.10128951072692871},"rotation":{"x":-0.09598870575428009,"y":0.8748254179954529,"z":-0.19360944628715516,"w":-0.43364083766937258},"size":4.6975579261779789,"orthographic":false}